{"cameraMode":{"drawMode":0,"name":"Shaded","section":"Shading Mode"},"sceneLighting":false,"audioPlay":false,"sceneViewState":{"showFog":true,"showMaterialUpdate":true,"showSkybox":false,"showFlares":true,"showImageEffects":true,"showParticleSystems":true},"in2DMode":false,"pivot":{"x":0.0788997933268547,"y":0.04515824466943741,"z":-0.04762950539588928},"rotation":{"x":-0.5237035155296326,"y":0.15181413292884828,"z":-0.09541761130094528,"w":-0.832880437374115},"size":0.060411930084228519,"orthographic":false}