{"cameraMode":{"drawMode":0,"name":"Shaded","section":"Shading Mode"},"sceneLighting":false,"audioPlay":false,"sceneViewState":{"showFog":true,"showMaterialUpdate":true,"showSkybox":false,"showFlares":true,"showImageEffects":true,"showParticleSystems":true},"in2DMode":false,"pivot":{"x":-0.29177361726760867,"y":0.07129675149917603,"z":0.08845357596874237},"rotation":{"x":-0.48613694310188296,"y":0.22081241011619569,"z":-0.1283932626247406,"w":-0.8357840776443481},"size":0.9433013796806336,"orthographic":false}