{"cameraMode":{"drawMode":0,"name":"Shaded","section":"Shading Mode"},"sceneLighting":false,"audioPlay":false,"sceneViewState":{"showFog":true,"showMaterialUpdate":true,"showSkybox":false,"showFlares":true,"showImageEffects":true,"showParticleSystems":true},"in2DMode":false,"pivot":{"x":0.05875787138938904,"y":-0.11191676557064057,"z":0.09040365368127823},"rotation":{"x":-0.4369255602359772,"y":-0.4183388948440552,"z":0.2408490777015686,"w":-0.7590705156326294},"size":0.17852061986923219,"orthographic":false}