{"cameraMode":{"drawMode":0,"name":"Shaded","section":"Shading Mode"},"sceneLighting":true,"audioPlay":false,"sceneViewState":{"showFog":true,"showMaterialUpdate":true,"showSkybox":true,"showFlares":true,"showImageEffects":true,"showParticleSystems":true},"in2DMode":false,"pivot":{"x":-3.1246304512023927,"y":-2.9104766845703127,"z":2.3740530014038088},"rotation":{"x":-0.3127472400665283,"y":0.5442746877670288,"z":-0.22866351902484895,"w":-0.7441691756248474},"size":3.955899477005005,"orthographic":false}